{"techbiz-blog-sidebar":{"block-7":{"content":"<!-- wp:search {\"label\":\"\",\"placeholder\":\"Search Here\",\"buttonText\":\"Search\"} \/-->"},"block-9":{"content":"<!-- wp:group {\"className\":\"widget_categories\"} -->\n<div class=\"wp-block-group widget_categories\"><!-- wp:heading {\"level\":3,\"className\":\"widget_title\"} -->\n<h3 class=\"widget_title\">Categories<\/h3>\n<!-- \/wp:heading -->\n\n<!-- wp:categories \/--><\/div>\n<!-- \/wp:group -->"},"block-10":{"content":"<!-- wp:group -->\n<div class=\"wp-block-group\"><!-- wp:heading {\"level\":3,\"className\":\"widget_title\"} -->\n<h3 class=\"widget_title\">Recent Posts<\/h3>\n<!-- \/wp:heading -->\n\n<!-- wp:legacy-widget {\"idBase\":\"techbiz_recent_posts_widget\",\"instance\":{\"encoded\":\"YTozOntzOjU6InRpdGxlIjtzOjA6IiI7czoxMDoicG9zdF9jb3VudCI7czoxOiIzIjtzOjk6InNob3dfZGF0ZSI7YjoxO30=\",\"hash\":\"72dd882022f33b20307b13e15fc438e0\"}} \/--><\/div>\n<!-- \/wp:group -->"},"block-11":{"content":"<!-- wp:group -->\n<div class=\"wp-block-group\"><!-- wp:heading {\"level\":3,\"className\":\"widget_title\"} -->\n<h3 class=\"widget_title\">Popular Tags<\/h3>\n<!-- \/wp:heading -->\n\n<!-- wp:tag-cloud \/--><\/div>\n<!-- \/wp:group -->"}},"techbiz-page-sidebar":{"block-5":{"content":"<!-- wp:group --><div class=\"wp-block-group\"><!-- wp:heading --><h2>Archive<\/h2><!-- \/wp:heading --><!-- wp:archives \/--><\/div><!-- \/wp:group -->"},"block-6":{"content":"<!-- wp:group --><div class=\"wp-block-group\"><!-- wp:heading --><h2>Kategorien<\/h2><!-- \/wp:heading --><!-- wp:categories \/--><\/div><!-- \/wp:group -->"}},"techbiz-offcanvas-sidebar":{"block-13":{"content":"<!-- wp:group -->\n<div class=\"wp-block-group\"><!-- wp:image {\"id\":1902,\"sizeSlug\":\"full\",\"linkDestination\":\"none\",\"className\":\"footer-logo\"} -->\n<figure class=\"wp-block-image size-full footer-logo\"><img src=\"https:\/\/wordpress.vecurosoft.com\/techbiz\/wp-content\/uploads\/2022\/09\/logo5.svg\" alt=\"\" class=\"wp-image-1902\"\/><\/figure>\n<!-- \/wp:image -->\n\n<!-- wp:paragraph -->\n<p>Intrinsicly evisculate emerging cutting edge scenarios redefine future-proof e-markets demand line<\/p>\n<!-- \/wp:paragraph -->\n\n<!-- wp:legacy-widget {\"idBase\":\"techbiz_social_widget\",\"instance\":{\"encoded\":\"YToyOntzOjU6InRpdGxlIjtzOjA6IiI7czoxMToic29jaWFsX2ljb24iO2I6MTt9\",\"hash\":\"d12bdeb4103a63c49545bc7b6481641b\"}} \/--><\/div>\n<!-- \/wp:group -->"},"block-14":{"content":"<!-- wp:group -->\n<div class=\"wp-block-group\"><!-- wp:heading {\"level\":3,\"className\":\"widget_title\"} -->\n<h3 class=\"widget_title\">Gallery Posts<\/h3>\n<!-- \/wp:heading -->\n\n<!-- wp:gallery {\"linkTo\":\"none\"} -->\n<figure class=\"wp-block-gallery has-nested-images columns-default is-cropped\"><!-- wp:image {\"id\":738,\"sizeSlug\":\"large\",\"linkDestination\":\"none\",\"className\":\"is-style-default\"} -->\n<figure class=\"wp-block-image size-large is-style-default\"><img src=\"https:\/\/wordpress.vecurosoft.com\/techbiz\/wp-content\/uploads\/2022\/09\/gal-1-1.jpg\" alt=\"\" class=\"wp-image-738\"\/><\/figure>\n<!-- \/wp:image -->\n\n<!-- wp:image {\"id\":737,\"sizeSlug\":\"large\",\"linkDestination\":\"none\"} -->\n<figure class=\"wp-block-image size-large\"><img src=\"https:\/\/wordpress.vecurosoft.com\/techbiz\/wp-content\/uploads\/2022\/09\/gal-1-2.jpg\" alt=\"\" class=\"wp-image-737\"\/><\/figure>\n<!-- \/wp:image -->\n\n<!-- wp:image {\"id\":736,\"sizeSlug\":\"large\",\"linkDestination\":\"none\"} -->\n<figure class=\"wp-block-image size-large\"><img src=\"https:\/\/wordpress.vecurosoft.com\/techbiz\/wp-content\/uploads\/2022\/09\/gal-1-3.jpg\" alt=\"\" class=\"wp-image-736\"\/><\/figure>\n<!-- \/wp:image -->\n\n<!-- wp:image {\"id\":735,\"sizeSlug\":\"large\",\"linkDestination\":\"none\"} -->\n<figure class=\"wp-block-image size-large\"><img src=\"https:\/\/wordpress.vecurosoft.com\/techbiz\/wp-content\/uploads\/2022\/09\/gal-1-4.jpg\" alt=\"\" class=\"wp-image-735\"\/><\/figure>\n<!-- \/wp:image -->\n\n<!-- wp:image {\"id\":734,\"sizeSlug\":\"large\",\"linkDestination\":\"none\"} -->\n<figure class=\"wp-block-image size-large\"><img src=\"https:\/\/wordpress.vecurosoft.com\/techbiz\/wp-content\/uploads\/2022\/09\/gal-1-5.jpg\" alt=\"\" class=\"wp-image-734\"\/><\/figure>\n<!-- \/wp:image -->\n\n<!-- wp:image {\"id\":733,\"sizeSlug\":\"large\",\"linkDestination\":\"none\"} -->\n<figure class=\"wp-block-image size-large\"><img src=\"https:\/\/wordpress.vecurosoft.com\/techbiz\/wp-content\/uploads\/2022\/09\/gal-1-6.jpg\" alt=\"\" class=\"wp-image-733\"\/><\/figure>\n<!-- \/wp:image --><\/figure>\n<!-- \/wp:gallery --><\/div>\n<!-- \/wp:group -->"},"block-15":{"content":"<!-- wp:group -->\n<div class=\"wp-block-group\"><!-- wp:heading {\"level\":3,\"className\":\"widget_title\"} -->\n<h3 class=\"widget_title\">Working Hours<\/h3>\n<!-- \/wp:heading -->\n\n<!-- wp:html -->\n<div class=\"footer-schedule\">\n<table>\n<tbody>\n<tr>\n<th>Mone - Fri:<\/th>\n<td>09:00 - 06:00<\/td>\n<\/tr>\n<tr>\n<th>Saturday:<\/th>\n<td>09:00 - 12:00<\/td>\n<\/tr>\n<tr>\n<th>Sunnday<\/th>\n<td>09:00 - 04:00<\/td>\n<\/tr>\n<tr>\n<th>Monday<\/th>\n<td>09:00 - 05:00<\/td>\n<\/tr>\n<\/tbody>\n<\/table><\/div>\n<!-- \/wp:html --><\/div>\n<!-- \/wp:group -->"}}}