{"last_tab":"21","techbiz_theme_color":"","techbiz_display_bcktotop":"1","techbiz_bcktotop_bg_color":"","techbiz_bcktotop_color":"","techbiz_bcktotop_border_color":"","techbiz_display_preloader":"1","techbiz_preloader_color":"","techbiz_preloader_color_two":"","techbiz_admin_login_logo":{"url":"","id":"","height":"","width":"","thumbnail":""},"techbiz_theme_admin_custom_css":"","techbiz_header_options":"2","techbiz_header_select_options":"33","techbiz_site_logo":{"url":"","id":"","height":"","width":"","thumbnail":""},"techbiz_site_logo_dimensions":{"width":"","height":"","units":"px"},"techbiz_site_logomargin_dimensions":{"units":"px","margin-top":"","margin-bottom":""},"techbiz_text_title":"","techbiz_header_menu_color":"","techbiz_header_menu_hover_color":"","techbiz_header_submenu_color":"","techbiz_header_submenu_hover_color":"","techbiz_header_submenu_icon_color":"","techbiz_header_submenu_border_top_color":"","techbiz_header_searchbar_switcher":"0","techbiz_searchbar_placeholder_text":"Search Your Product","techbiz_offcanvas_panel_bg":{"background-color":"","background-repeat":"","background-size":"","background-attachment":"","background-position":"","background-image":"","media":{"id":"","height":"","width":"","thumbnail":""}},"techbiz_offcanvas_title_color":"","techbiz_offcanvas_product_title_color":"","techbiz_blog_sidebar":"3","techbiz_blog_grid":"1","techbiz_blog_page_title_switcher":"1","techbiz_blog_page_title_setting":"predefine","techbiz_blog_page_custom_title":"","techbiz_blog_postExcerpt":"21","techbiz_blog_readmore_setting":"default","techbiz_blog_custom_readmore":"","techbiz_blog_title_color":"","techbiz_blog_title_hover_color":"","techbiz_blog_contant_color":"","techbiz_blog_read_more_button_color":"","techbiz_blog_read_more_button_hover_color":"","techbiz_blog_pagination_color":"","techbiz_blog_pagination_active_color":"","techbiz_blog_pagination_hover_color":"","techbiz_blog_single_sidebar":"3","techbiz_post_details_title_position":"header","techbiz_post_details_custom_title":"","techbiz_display_post_tags":"1","techbiz_post_details_share_options":"1","techbiz_post_details_author_desc_trigger":"1","techbiz_post_details_post_navigation":"1","techbiz_post_details_related_post":"","techbiz_blog_meta_icon_color":"","techbiz_blog_meta_text_color":"","techbiz_blog_meta_text_hover_color":"","techbiz_display_post_date":"1","techbiz_display_post_views":"","techbiz_display_post_comment":"1","techbiz_display_post_category":"1","techbiz_sidebar_bg_color":"","techbiz_sidebar_padding_margin_box_shadow_trigger":"","box-shadow":{"inset-shadow":{"checked":"","color":"#ABABAB","horizontal":"0","vertical":"0","blur":"10","spread":"0"},"drop-shadow":{"checked":"1","color":"#dddddd","horizontal":"5","vertical":"5","blur":"5","spread":"1"}},"techbiz_sidebar_widget_margin":{"units":"px","margin-top":"","margin-right":"","margin-bottom":"","margin-left":""},"techbiz_sidebar_widget_padding":{"units":"px","padding-top":"","padding-right":"","padding-bottom":"","padding-left":""},"techbiz_sidebar_widget_border":{"border-top":"","border-right":"","border-bottom":"","border-left":"","border-style":"solid","border-color":""},"techbiz_sidebar_widget_title_heading_tag":"h4","techbiz_sidebar_widget_title_margin":{"units":"px","margin-top":"","margin-right":"","margin-bottom":"","margin-left":""},"techbiz_sidebar_widget_title_padding":{"units":"px","padding-top":"","padding-right":"","padding-bottom":"","padding-left":""},"techbiz_sidebar_widget_title_color":"","techbiz_sidebar_widget_text_color":"","techbiz_sidebar_widget_anchor_color":"","techbiz_sidebar_widget_anchor_hover_color":"","techbiz_page_sidebar":"1","techbiz_page_layoutopt":"1","techbiz_page_title_switcher":"1","techbiz_page_title_tag":"h1","techbiz_allHeader_title_color":"","techbiz_allHeader_bg":{"background-color":"","background-repeat":"no-repeat","background-size":"cover","background-attachment":"","background-position":"center center","background-image":"https:\/\/wordpress.vecurosoft.com\/techbiz\/wp-content\/uploads\/2022\/08\/breadcumb-bg.jpg","media":{"id":"32","height":"350","width":"1920","thumbnail":"https:\/\/wordpress.vecurosoft.com\/techbiz\/wp-content\/uploads\/2022\/08\/breadcumb-bg-150x150.jpg"}},"techbiz_enable_breadcrumb":"1","techbiz_allHeader_breadcrumbtextcolor":"","techbiz_allHeader_breadcrumbtextactivecolor":"","techbiz_allHeader_dividercolor":"","techbiz_fof_error_number":"4<span class=\"text-theme\">0<\/span>4","techbiz_fof_title":"Ooops, Page Not Found","techbiz_fof_subtitle":"We\u2019re sorry but we can\u2019t seem to find the page you requested. This might be because you have typed the web address incorrectly.","techbiz_fof_btn_text":"Return To Home","techbiz_fof_text_color":"","techbiz_fof_subtitle_color":"","techbiz_fof_btn_color":"","techbiz_fof_btn_color_hover":"","techbiz_fof_btn_bg_color":"","techbiz_fof_btn_hover_bg_color":"","techbiz_woo_shoppage_sidebar":"1","techbiz_woo_product_col":"4","techbiz_woo_product_perpage":"10","techbiz_woo_singlepage_sidebar":"1","techbiz_product_details_title_position":"header","techbiz_product_details_custom_title":"Shop Details","techbiz_woo_stock_quantity_show_hide":"1","techbiz_woo_relproduct_display":"1","techbiz_woo_relproduct_num":"4","techbiz_woo_related_product_col":"3","techbiz_woo_upsellproduct_display":"1","techbiz_woo_upsellproduct_num":"3","techbiz_woo_upsell_product_col":"4","techbiz_woo_crosssellproduct_display":"1","techbiz_woo_crosssellproduct_num":"3","techbiz_woo_crosssell_product_col":"4","techbiz_subscribe_apikey":"","techbiz_subscribe_listid":"","techbiz_social_links":[{"title":"fab fa-facebook-f","description":"","url":"www.facebook.com","sort":"0","attachment_id":"","image":"","height":"","width":"","thumb":""},{"title":"fab fa-twitter","description":"","url":"www.twitter.com","sort":"1","attachment_id":"","image":"","height":"","width":"","thumb":""},{"title":"fab fa-instagram","description":"","url":"www.instagram.com","sort":"2","attachment_id":"","image":"","height":"","width":"","thumb":""},{"title":"fab fa-behance","description":"","url":"www.behance.com","sort":"3","attachment_id":"","image":"","height":"","width":"","thumb":""},{"title":"fab fa-youtube","description":"","url":"www.youtube.com","sort":"4","attachment_id":"","image":"","height":"","width":"","thumb":""}],"techbiz_footer_builder_trigger":"footer_builder","techbiz_footer_builder_select":"172","techbiz_disable_footer_bottom":"1","techbiz_footer_bottom_background":"","techbiz_copyright_text":"Copyright <i class=\"fal fa-copyright\"><\/i> 2022 <a class=\"text-white\" href=\"#\">Techbiz.<\/a> All Rights Reserved by <a class=\"text-white\" href=\"#\">Vecuro<\/a>","techbiz_footer_copyright_color":"","techbiz_footer_copyright_acolor":"","techbiz_footer_copyright_a_hover_color":"","techbiz_css_editor":"","redux-backup":1}